Algorithm,Avg_Waiting,Avg_Turnaround,CPU_Util_percent,Throughput
FCFS,46.7,59.0,97.62,0.079365
SJF,12.75,20.5,98.41,0.126984
SRTF,12.625,20.375,98.41,0.126984
RR,21.875,29.625,98.41,0.126984
MLFQ,26.25,34.0,98.41,0.126984
PRIORITY,13.875,21.625,98.41,0.126984
